{"departure_time":{"0":"05:13:00","1":"05:14:51","2":"05:16:12","3":"05:17:00","4":"05:17:15","5":"05:17:42","6":"05:18:00","7":"05:18:48","8":"05:19:48","9":"05:20:39","10":"05:21:30","11":"05:22:19","12":"05:23:00","13":"05:23:28","14":"05:23:55","15":"05:24:32","16":"05:25:00","17":"05:25:13","18":"05:25:40","19":"05:26:23","20":"05:27:03","21":"05:27:37","22":"05:28:12","23":"05:28:36","24":"05:29:10","25":"05:29:30","26":"05:30:00","27":"05:32:00"},"stop_lat":{"0":45.530024,"1":45.52951,"2":45.532296,"3":45.533908,"4":45.535046,"5":45.537393,"6":45.538922,"7":45.540498,"8":45.54232,"9":45.543771,"10":45.545235,"11":45.546606,"12":45.547776,"13":45.548962,"14":45.550115,"15":45.551701,"16":45.55289,"17":45.553481,"18":45.55472,"19":45.556635,"20":45.558643,"21":45.560137,"22":45.561721,"23":45.562778,"24":45.564309,"25":45.565177,"26":45.565996,"27":45.56745},"stop_lon":{"0":-73.623756,"1":-73.622634,"2":-73.62036,"3":-73.618877,"4":-73.617454,"5":-73.615162,"6":-73.613838,"7":-73.613116,"8":-73.612026,"9":-73.610716,"10":-73.609413,"11":-73.608136,"12":-73.607085,"13":-73.60601,"14":-73.604994,"15":-73.603602,"16":-73.602551,"17":-73.602022,"18":-73.600931,"19":-73.599297,"20":-73.598391,"21":-73.597055,"22":-73.595633,"23":-73.594688,"24":-73.593322,"25":-73.593251,"26":-73.595105,"27":-73.593988}}